date,category,grade,send,attempts,name
2019-08-06,bouldering,V1,on-site,1,warmup v1 8-6
2019-08-06,bouldering,V0,on-site,1,warmup v0 8-6
2019-08-06,bouldering,V1,on-site,1,warmup v1 2 8-6
2019-08-06,bouldering,V2,on-site,1,warmup v2 8-6
2019-08-06,bouldering,V3,on-site,1,warmup v3 8-6
2019-08-06,bouldering,V3,no,2,Black Reacher
2019-08-06,bouldering,V2,yes,2,White Flag
2019-08-06,bouldering,V2,yes,1,white flag repeat 8-6
2019-08-06,bouldering,V3,no,7,Black Reacher
2019-08-08,bouldering,V1,on-site,1,warmup v1 8-8
2019-08-08,bouldering,V1,on-site,1,warmup v1 2 8-8
2019-08-08,bouldering,V2,on-site,1,warmup v2 8-8
2019-08-08,bouldering,V2,on-site,1,warmup v2 8-8
2019-08-08,bouldering,V2,on-site,1,warmup v2 8-8
2019-08-08,bouldering,V3,on-site,1,warmup v3 8-8
2019-08-08,bouldering,V4,no,11,Green cave traverse
2019-08-11,bouldering,V0,on-site,1,warmup v0 8-11
2019-08-11,bouldering,VB,on-site,1,warmup vb 8-11
2019-08-11,bouldering,V1,on-site,1,warmup v1 8-11
2019-08-11,bouldering,V2,on-site,1,warmup v2 8-11
2019-08-11,bouldering,V2,on-site,1,warmup v2 8-11
2019-08-11,bouldering,V4,yes,2,Green cave traverse
2019-08-11,bouldering,V3,no,8,White cave jug haul
2019-08-14,bouldering,V3,yes,4,Green crimpy V3
2019-08-14,bouldering,V4,no,2,Orange blocky V4
2019-08-18,bouldering,VB,on-site,1,warmup vb 8-18
2019-08-18,bouldering,V1,on-site,1,warmup v1 8-18
2019-08-18,bouldering,V1,on-site,1,warmup v1 8-18
2019-08-18,bouldering,V1,repeat,1,warmup v1 8-18
2019-08-18,bouldering,V2,on-site,1,warmup v2 8-18
2019-08-18,bouldering,V2,on-site,1,warmup slopey orange v2 8-18
2019-08-18,bouldering,V2,repeat,1,slopey orange v2 repeat 8-18
2019-08-18,bouldering,V3,yes,3,crimpy v3 8-18
2019-08-18,bouldering,V5,yes,3,super soft pink slab v5 8-18
2019-08-18,bouldering,V3,yes,3,Purple back-step v3 8-18
2019-08-18,bouldering,V3,yes,1,purble back-step v3 repeat 1 8-18
2019-08-18,bouldering,V3,yes,1,purble back-step v3 repeat 2 8-18
2019-08-18,bouldering,V3,yes,10,Black Reacher
2019-08-20,bouldering,V3,yes,5,White V3 pull-on start
2019-08-22,bouldering,V3,yes,4,Orange V3 blocky arete
2019-08-27,bouldering,V2,on-site,1,warmup v2 8-27
2019-08-27,bouldering,V4,no,4,Black V4 overhanging to pocket transition
2019-08-29,top rope,5.9,on-site,1,warmup 5.9 8-29
2019-08-29,top rope,5.10a,on-site,1,warmup 5.10 8-29
2019-08-29,top rope,5.10b,on-site,1,5.10b 8-29
2019-08-29,top rope,5.10c,no,4,Black 5.10c with lots of alternating side pulls
2019-08-29,bouldering,V3,no,4,"Black, pinchy, ""1"" volume V3"
2019-09-02,bouldering,V3,yes,3,"Black, pinchy, ""1"" volume V3"
2019-09-02,bouldering,V4,no,6,White V4 crimpy wave arete
2019-09-02,bouldering,V4,no,4,Green V4 vertical sloper
2019-09-02,bouldering,V4,no,5,V4 green dan 8/13
2019-09-02,bouldering,V3,no,4,V3 white Karl 8/27
2019-09-05,bouldering,V0,on-site,1,warmup v0 9-5
2019-09-05,bouldering,V0,on-site,1,warmup v0 2 9-5
2019-09-05,bouldering,V2,on-site,1,warmup v2 9-5
2019-09-05,bouldering,V3,on-site,1,Green V3 bulge with slopers
2019-09-05,bouldering,V3,yes,2,Green V3 roof transition with big step-up to square position
2019-09-05,bouldering,V4,no,4,Black V4 overhanging to pocket transition
2019-09-07,top rope,5.9,on-site,1,Orange 5.9 warm-up near crack
2019-09-07,top rope,5.10c,yes,1,Black 5.10c with lots of alternating side pulls
2019-09-07,top rope,5.10c,on-site,1,Purple 5.10c autobelay with cross through & undercling to crimp at the top
2019-09-10,bouldering,V0,repeat,1,v0 warmup 9/10
2019-09-10,bouldering,V1,repeat,1,v1 warmup 9/10
2019-09-10,bouldering,V2,on-site,1,v2 warmup 9/10
2019-09-10,bouldering,V4,no,4,Black V4 overhanging to pocket transition
2019-09-10,bouldering,V2,repeat,1,white easy v2 on bean 9-10
2019-09-10,bouldering,V2,repeat,1,green medium v2 9/10
2019-09-10,bouldering,V3,on-site,1,Pink v3 lots of underclings
2019-09-10,bouldering,V2,repeat,1,low start pinch v2
2019-09-10,bouldering,V2,repeat,1,white easy v2 on bean 9-10
2019-09-10,bouldering,V2,repeat,1,Green V3 bulge with slopers
2019-09-10,bouldering,V2,repeat,1,green medium v2 9/10
2019-09-10,bouldering,V0,repeat,1,white easy v2 on bean
2019-09-10,bouldering,V2,repeat,1,white easy v2 on bean 9-10
2019-09-10,bouldering,V2,repeat,1,green medium v2 9/10
2019-09-10,bouldering,V2,repeat,1,white easy v2 w/ juggy slopers
2019-09-10,bouldering,V0,repeat,1,steep V0 crimpy holds 9-10
2019-09-10,bouldering,V2,repeat,1,white easy v2 on bean 9-10
2019-09-10,bouldering,V2,repeat,1,green medium v2 9/10
2019-09-10,bouldering,V1,repeat,1,yellow v0 andrew 8/2
2019-09-10,bouldering,V0,repeat,1,yellow easy v0 9-10
2019-09-12,bouldering,V0,repeat,1,yellow v0 andrew 8/2
2019-09-12,bouldering,V0,repeat,1,yellow v0 doug 8/9
2019-09-12,bouldering,V0,repeat,1,yellow v0 guest 8/26
2019-09-12,bouldering,V1,on-site,1,yellow v1 rachel 8/22
2019-09-12,bouldering,V2,on-site,1,green v2 doug 8/23
2019-09-12,bouldering,V2,on-site,1,purple v2 rachel 8/2
2019-09-12,bouldering,V4,no,6,Black V4 overhanging to pocket transition
2019-09-18,bouldering,V0,on-site,1,v0 karl 8/20
2019-09-18,bouldering,V0,repeat,1,v0 karl 8/20
2019-09-18,bouldering,V1,on-site,1,v1 jack 9/3
2019-09-18,bouldering,V1,repeat,1,v1 jack 9/3
2019-09-18,bouldering,VB,on-site,1,VB ricky 9/17
2019-09-18,bouldering,VB,repeat,1,VB ricky 9/17
2019-09-18,bouldering,V2,on-site,1,V2 darius 9/17
2019-09-18,bouldering,V2,on-site,1,V2 black brett 9/10
2019-09-18,bouldering,V3,on-site,1,V3 orange Karl 8/20
2019-09-18,bouldering,V3,redpoint,1,V3 White Karl 8/27
2019-09-18,bouldering,V2,on-site,1,V2 black jack 9/3
2019-09-18,bouldering,V4,redpoint,6,V4 orange austin 8/20
2019-09-18,bouldering,V4,no,4,V4 green dan 8/13
2019-09-23,bouldering,VB,on-site,1,VB austin 8/27
2019-09-23,bouldering,VB,repeat,1,VB Karl 8/20
2019-09-23,bouldering,V0,on-site,1,V0 Dan 8/20
2019-09-23,bouldering,V1,repeat,1,V1 Jack 9/13
2019-09-23,bouldering,V2,repeat,1,V2 black brett 8/10
2019-09-23,bouldering,V2,on-site,1,V2 jack 9/10
2019-09-23,bouldering,V4,redpoint,4,V4 green dan 8/13
2019-09-23,bouldering,V2,on-site,1,V2 ricky 9/17
2019-09-23,bouldering,V3,redpoint,2,V3 ricky 9/15
2019-09-23,bouldering,V3,on-site,1,V3 darius 9/10
2019-09-23,bouldering,V4,no,4,V4 green crimp/pinchfest
2019-09-23,bouldering,V3,redpoint,10,V3 white jack 9/10
2019-09-30,bouldering,VB,on-site,1,VB karl 9/3
2019-09-30,bouldering,VB,repeat,1,VB karl 9/3
2019-09-30,bouldering,V0,on-site,1,V0 Dan 8/11
2019-09-30,bouldering,V0,repeat,1,V0 Dan 8/11
2019-09-30,bouldering,V0,on-site,1,V0 austin 9/17
2019-09-30,bouldering,V0,repeat,1,V0 austin 9/17
2019-09-30,bouldering,V1,on-site,1,V1 dan 8/27
2019-09-30,bouldering,V1,repeat,1,V1 dan 8/27
2019-09-30,bouldering,V1,repeat,1,V1 jack 9/3
2019-09-30,bouldering,V1,repeat,1,V1 jack 9/3
2019-09-30,bouldering,V3,redpoint,2,V3 jack 9/17
2019-09-30,bouldering,V3,no,4,V3 jack 9/10
2019-09-30,bouldering,V3,no,12,V3 austin 9/17
2019-09-30,bouldering,V3,redpoint,3,V3 purple karl 9/3
2019-09-30,bouldering,V4,repeat,1,V4 orange austin 8/20
2019-10-03,bouldering,VB,on-site,1,VB guest 9/19
2019-10-03,bouldering,V0,on-site,1,V0 guest 9/13
2019-10-03,bouldering,V1,on-site,1,V1 brett 9/13
2019-10-03,bouldering,V1,on-site,1,V1 brett 9/20
2019-10-03,bouldering,V2,on-site,1,V2 guest 9/20
2019-10-03,bouldering,V1,on-site,1,V1 jack 9/16
2019-10-03,bouldering,V4,on-site,1,V4 orange rachel 9/16
2019-10-03,bouldering,V4,repeat,3,V4 orange rachel 9/16
2019-10-03,bouldering,V4,repeat,1,V4 orange rachel 9/16
2019-10-03,bouldering,V4,no,5,V4 whtie arielle 9/20
2019-10-05,bouldering,V1,repeat,1,V1 jack 9/3
2019-10-05,bouldering,V1,repeat,1,V1 jack 9/3
2019-10-05,bouldering,V2,on-site,1,V2 orange jack 9/10
2019-10-05,bouldering,V3,redpoint,8,V3 austin 9/17
2019-10-05,bouldering,V3,repeat,1,V3 austin 9/17
2019-10-05,bouldering,V4,no,4,V4 purple austin 9/17
2019-10-05,bouldering,V4,no,5,V4 white karl 9/4
2019-10-05,bouldering,V4,on-site,1,V4 purple jack 10/1
2019-10-05,bouldering,V4,no,5,V4 orange dicky 10/1
2019-10-09,bouldering,V0,on-site,1,V0 dan 10/3
2019-10-09,bouldering,VB,on-site,1,VB ricky 10/3
2019-10-09,bouldering,V0,on-site,1,V0 austin 9/26
2019-10-09,bouldering,V1,on-site,1,V1 dan/austin 8/29
2019-10-09,bouldering,V3,redpoint,10,V3 cheech 9/17
2019-10-09,bouldering,V2,redpoint,3,V2 arielle 9/17
2019-10-09,bouldering,V2,redpoint,2,V2 arash 9/26
2019-10-09,bouldering,V3,no,4,V3 red ricky 9/26
2019-10-09,bouldering,V3,no,3,V3 black arielle 9/17
2019-10-09,bouldering,V3,no,4,V3 blue dan
2019-10-10,bouldering,V1,on-site,1,V1 brett 9/13
2019-10-10,bouldering,V1,on-site,1,V1 brett 9/13
2019-10-10,bouldering,V0,on-site,1,V0 yellow guest
2019-10-10,bouldering,V2,on-site,1,V2 black arielle
2019-10-10,bouldering,V2,repeat,1,V2 black arielle
2019-10-10,bouldering,V2,repeat,1,V2 black arielle
2019-10-10,bouldering,V2,repeat,1,V2 black arielle
2019-10-10,bouldering,V2,on-site,1,V2 james 10/7
2019-10-10,bouldering,V4,no,4,V4 whtie arielle 9/20
2019-10-10,bouldering,V3,on-site,1,V3 white rachel 9/20
2019-10-10,bouldering,V3,redpoint,3,V3 red guest 9/20
2019-10-12,bouldering,V0,on-site,1,V0 brett 10/1
2019-10-12,bouldering,V1,on-site,1,V1 darius 9/1
2019-10-12,bouldering,V1,repeat,1,V1 darius 9/1
2019-10-12,bouldering,V3,on-site,1,V3 blue karl 9/24
2019-10-12,bouldering,V3,on-site,1,V3 white jack 9/17
2019-10-12,top rope,5.10b,on-site,1,5.10b red dan 10/10
2019-10-12,top rope,5.11a,no,2,5.11a yellow andrew 9/19
2019-10-15,bouldering,V0,on-site,1,V0 cheech 9/16
2019-10-15,bouldering,V0,on-site,1,V0 jack 9/30
2019-10-15,bouldering,V0,on-site,1,V0 dan 10/14
2019-10-15,bouldering,V0,on-site,1,V0 guest 9/13
2019-10-15,bouldering,V1,on-site,1,V1 jack 9/23
2019-10-15,bouldering,V1,on-site,1,V1 brett 10/4
2019-10-15,bouldering,V1,on-site,1,V1 brett 9/30
2019-10-15,bouldering,V2,redpoint,2,V2 dan 9/23
2019-10-15,bouldering,V2,on-site,1,V2 dan 9/30
2019-10-15,bouldering,V3,on-site,1,V3 jack 9/30
2019-10-15,bouldering,V2,repeat,1,V2 arielle 9/13
2019-10-15,bouldering,V1,repeat,1,V1 jack 9/23
2019-10-15,bouldering,V1,repeat,1,V1 brett 9/20
2019-10-15,bouldering,V1,repeat,1,V1 dan 10/7
2019-10-15,bouldering,V2,repeat,1,V2 arielle 9/13
2019-10-15,bouldering,V1,repeat,1,V1 jack 9/23
2019-10-15,bouldering,V1,repeat,1,V1 brett 9/20
2019-10-15,bouldering,V1,repeat,1,V1 dan 10/7
2019-10-15,bouldering,V2,repeat,1,V2 arielle 9/13
2019-10-15,bouldering,V1,repeat,1,V1 jack 9/23
2019-10-15,bouldering,V1,repeat,1,V1 brett 9/20
2019-10-15,bouldering,V1,repeat,1,V1 dan 10/7
2019-10-15,bouldering,V2,repeat,1,V2 arielle 9/13
2019-10-15,bouldering,V1,repeat,1,V1 jack 9/23
2019-10-15,bouldering,V1,repeat,1,V1 brett 9/20
2019-10-15,bouldering,V1,repeat,1,V1 dan 10/7
2019-10-18,bouldering,V0,repeat,1,V0 guest 9/13
2019-10-18,bouldering,V0,repeat,1,V0 dan 10/14
2019-10-18,bouldering,V2,repeat,1,V2 dan 9/30
2019-10-18,bouldering,V2,repeat,1,V2 dan 9/30
2019-10-18,bouldering,V2,repeat,1,V2 dan 9/30
2019-10-18,bouldering,V3,on-site,1,V3 orange jack 9/30
2019-10-18,bouldering,V4,redpoint,3,V4 white arielle 9/6
2019-10-18,bouldering,V4,no,1,V4 brett 9/6
2019-10-18,bouldering,V3,redpoint,6,V3 arielle 9/6
2019-10-18,bouldering,V2,repeat,1,V2 guest 9/9
2019-10-18,bouldering,V4,no,1,V4 pink rachel 9/9
2019-10-18,bouldering,V4,no,6,V4 white arielle 9/6
2019-10-20,bouldering,V0,on-site,1,V0 yellow ricky 9/24
2019-10-20,bouldering,V0,on-site,1,V0 yellow brett 10/1
2019-10-20,bouldering,V2,on-site,1,V2 black darius 10/1
2019-10-20,bouldering,V3,no,14,V3 orange brett 10/22
2019-10-20,bouldering,V3,on-site,1,v3 black karl 10/1
2019-10-26,bouldering,V0,redpoint,3,Wild Turkey
2019-10-26,bouldering,V0,no,4,Office Building
2019-10-26,bouldering,V0,on-site,1,Confidence Booster
2019-10-26,bouldering,V0,on-site,1,Eubanks Lady Bits
2019-10-26,bouldering,V1,on-site,1,"I Don't Know, B"
2019-10-26,bouldering,V2,no,2,Tullamore Dew Arete
2019-10-26,bouldering,V0,no,8,Special K
2019-10-30,bouldering,V0,on-site,1,V0 logan 10/25
2019-10-30,bouldering,V1,on-site,1,V1 brett 10/25
2019-10-30,bouldering,V2,on-site,1,V2 brett 10/25
2019-10-30,bouldering,V2,on-site,1,V2 cheech 10/14
2019-10-30,bouldering,V2,on-site,1,V2 brett 10/14
2019-10-30,bouldering,V3,redpoint,3,V3 white cheech 10/14
2019-10-30,bouldering,V3,repeat,1,V3 white cheech 10/14
2019-10-30,bouldering,V3,on-site,1,V3 dan pink 10/14
2019-10-30,bouldering,V4,redpoint,3,V4 black cheech 10/14
2019-10-30,bouldering,V4,redpoint,3,V4 white logan 10/25
2019-11-02,bouldering,V0,on-site,1,V0 jack 10/1
2019-11-02,bouldering,V0,repeat,1,V0 jack 10/1
2019-11-02,bouldering,V0,repeat,1,V0 jack 10/1
2019-11-02,bouldering,V0,no,1,V0 jack 10/1
2019-11-02,bouldering,V3,no,13,V3 purple rachel 10/15
2019-11-02,bouldering,V3,redpoint,7,V3 orange brett 10/22
2019-11-02,bouldering,V2,on-site,1,V2 black brett 10/15
2019-11-02,bouldering,V2,on-site,1,V2 green rachel 10/15
2019-11-02,bouldering,V2,on-site,1,V2 white karl 10/22
2019-11-02,bouldering,V2,on-site,1,V2 blue jack 10/22
2019-11-02,bouldering,V2,redpoint,2,V2 green rachel 10/30
2019-11-02,bouldering,V2,on-site,1,V2 white near 1
2019-11-05,bouldering,VB,on-site,1,VB Logan 10/15
2019-11-05,bouldering,V0,on-site,1,V0 Jeff 10/18
2019-11-05,bouldering,V0,on-site,1,V0 10/3
2019-11-05,bouldering,V0,on-site,1,V0 10/?
2019-11-05,bouldering,V0,on-site,1,V0 jeff 10/10
2019-11-05,bouldering,V1,on-site,1,V1 Doug 10/18
2019-11-05,bouldering,V1,on-site,1,V1 Darius 10/3
2019-11-05,bouldering,V1,on-site,1,V1 Arielle 10/1
2019-11-05,bouldering,V1,on-site,1,V1 Brett 10/10
2019-11-05,bouldering,V1,on-site,1,V1 Arielle 10/1 #2
2019-11-05,bouldering,V2,on-site,1,V2 Jeff 10/18
2019-11-05,bouldering,V2,on-site,1,V2 Daniel 10/3
2019-11-05,bouldering,V2,on-site,1,V2 Ricky 10/3
2019-11-05,bouldering,V3,redpoint,5,V3 Doug 10/18
2019-11-05,bouldering,V3,on-site,1,V3 Logan 10/18
2019-11-05,bouldering,V3,on-site,1,V3 Arielle 10/1
2019-11-05,bouldering,V3,redpoint,10,V3 black Darius 10/3
2019-11-05,bouldering,V3,repeat,1,V3 black Darius 10/3
2019-11-09,bouldering,V0,on-site,1,V0 yellow jack 10/1
2019-11-09,bouldering,V1,on-site,1,V1 yellow rachel 10/15
2019-11-09,bouldering,V1,on-site,11,V1 yellow brett 10/22
2019-11-09,bouldering,V3,on-site,2,V3 orange brett 10/22
2019-11-09,bouldering,V3,no,12,V3 purple rachel 10/15
2019-11-09,top rope,5.11a,no,1,5.11a orange andrew 11/6 SCE9
2019-11-09,top rope,5.10d,no,1,5.10d black jack 11/8 SCW8
2019-11-09,top rope,5.10d,no,1,5.10d yellow rachel 11/6 SCW9
2019-11-15,bouldering,V1,on-site,1,V1 yellow dan 10/28
2019-11-15,bouldering,V0,on-site,1,V0 yellow logan 10/25
2019-11-15,bouldering,V1,on-site,1,V1 yellow brett 10/25
2019-11-15,bouldering,V0,on-site,1,V0 yellow cheech 10/28
2019-11-15,bouldering,V2,on-site,1,V2 blue near slab
2019-11-15,bouldering,V2,on-site,1,V2 black rachel 10/7
2019-11-15,bouldering,V2,on-site,1,V2 white rachel 11/11
2019-11-15,bouldering,V2,on-site,1,V2 black jeff 10/21
2019-11-15,bouldering,V1,repeat,4,V1 yellow logan 11/8
2019-11-17,bouldering,V3,no,5,V3 purple rachel 10/15
2019-11-17,top rope,5.10b,on-site,1,5.10b darius green 10/18
2019-11-17,top rope,5.11a,no,1,5.11a white
2019-11-17,top rope,5.10d,no,1,5.10d black jack 11/8 SCW8
2019-11-17,top rope,5.10c,on-site,1,5.10c blue logan
2019-11-17,top rope,5.11a,no,1,5.11a yellow
2019-11-20,bouldering,VB,on-site,1,VB yellow jack 11/8
2019-11-20,bouldering,V0,on-site,1,V0 yellow cheech 11/18
2019-11-20,bouldering,V0,on-site,1,V0 yellow rachel 11/1
2019-11-20,bouldering,V0,on-site,1,V0 yellow jack 11/11
2019-11-20,bouldering,V1,on-site,1,V1 yellow jack 11/16
2019-11-20,bouldering,V1,on-site,1,V1 yellow logan 11/8
2019-11-20,bouldering,V2,on-site,1,V2 black cheech 11/8
2019-11-20,bouldering,V2,on-site,1,V2 white jeff 11/18
2019-11-20,bouldering,V2,on-site,1,V2 black rachel 10/7
2019-11-20,bouldering,V2,on-site,1,V2 white rachel 11/11
2019-11-20,bouldering,V3,redpoint,4,V3 purple rachel 11/18
2019-11-20,bouldering,V3,repeat,1,V3 purple rachel 11/18
2019-11-20,bouldering,V3,on-site,1,V3 white jack 11/18
2019-11-20,bouldering,V3,on-site,1,V3 red cheech 10/7
2019-11-20,bouldering,V3,repeat,1,V3 red cheech 10/7
2019-11-20,bouldering,V3,redpoint,3,V3 purple logan 11/1
2019-11-20,bouldering,V3,on-site,1,V3 blue jeff 11/18
2019-11-20,bouldering,V4,repeat,1,V4 pink cheech 11/11
2019-11-20,bouldering,V4,no,6,V4 green brett 11/8
2019-11-25,bouldering,V0,on-site,1,Uptown warmup 1half5 1
2019-11-25,bouldering,V0,on-site,1,Uptown warmup 1half5 2
2019-11-25,bouldering,V0,on-site,1,Uptown warmup 1half5 3
2019-11-25,bouldering,V0,on-site,1,Uptown warmup 1half5 4
2019-11-25,bouldering,V1,on-site,1,Uptown warmup 1half5 5
2019-11-25,bouldering,V1,on-site,1,Uptown warmup 1half5 6
2019-11-25,bouldering,V1,on-site,1,V1 yellow ricky 11/7
2019-11-25,bouldering,V1,on-site,1,V1 yellow darius 11/7
2019-11-25,bouldering,V2,on-site,1,V2 black jeff 11/7
2019-11-25,bouldering,V2,on-site,1,V2 white ricky 11/14
2019-11-25,bouldering,V3,on-site,1,V3 black ricky 11/14
2019-11-25,bouldering,V3,on-site,1,V3 black arash 11/7
2019-11-25,bouldering,V1,repeat,1,V1 yellow ricky 11/7
2019-11-25,bouldering,V1,repeat,1,V1 yelllow darius 11/7
2019-11-25,bouldering,V1,on-site,1,V1 hover 3s
2019-11-25,bouldering,V2,on-site,1,V2 blue darius 11/14
2019-11-25,bouldering,V3,on-site,1,V3 black darius 11/14
2019-11-25,bouldering,V3,repeat,1,V3 black darius 11/14
2019-11-25,bouldering,V3,redpoint,3,V3 orange jeff 11/7
2019-11-25,bouldering,V3,redpoint,2,V3 white jeff 11/7
2019-11-25,bouldering,V3,redpoint,2,V3 red ricky 11/7
2019-11-29,bouldering,V0,on-site,1,V0 yellow amelia 10/22
2019-11-29,bouldering,V0,on-site,1,V0 yellow arash 10/24
2019-11-29,bouldering,V1,on-site,1,V1 yellow jeff 10/24
2019-11-29,bouldering,V1,on-site,1,V1 yellow jeff 11/19
2019-11-29,bouldering,V1,on-site,1,V1 yellow brett 1half6
2019-11-29,bouldering,V2,on-site,1,V2 red ricky 10/24
2019-11-29,bouldering,V2,on-site,1,V2 black jeff 10/22
2019-11-29,bouldering,V2,on-site,1,V2 blue amelia 11/19
2019-11-29,bouldering,V2,repeat,,V2 blue amelia 11/19
2019-11-29,bouldering,V2,on-site,1,V2 black jeff 11/19
2019-11-29,bouldering,V2,no,10,V2 blue cave
2019-11-29,bouldering,V3,no,3,V3 arash blue pinch
2019-11-29,bouldering,V4,no,4,V4 blue rachel(?) crimpy balance project
2019-11-29,bouldering,V3,no,3,V3 orange low mantle project
2019-12-04,bouldering,V1,repeat,1,V1 yellow logan 11/8
2019-12-04,bouldering,V1,repeat,1,V1 yellow jack 9/16
2019-12-04,bouldering,V0,repeat,1,V0 yellow jack 11/11
2019-12-04,bouldering,V0,repeat,1,V0 yellow jack 11/11
2019-12-04,bouldering,V0,repeat,1,V0 yellow jack 11/11
2019-12-04,bouldering,V2,on-site,1,V2 black jeff 1half2
2019-12-04,bouldering,V4,redpoint,9,V4 green jeff 11/8
2019-12-04,bouldering,V2,redpoint,3,V2 purple jeff 11/18
2019-12-04,bouldering,V2,repeat,,V2 purple jeff 11/18
2019-12-04,bouldering,V2,repeat,1,V2 red rachel 11/1
2019-12-04,bouldering,V2,repeat,1,V2 red rachel 11/1
2019-12-04,bouldering,V2,repeat,1,V2 red rachel 11/1
2019-12-05,bouldering,V0,on-site,1,V0 yellow andrew 11/19
2019-12-05,bouldering,V1,on-site,1,V1 yellow arielle 11/19
2019-12-05,bouldering,V1,repeat,1,V1 yellow arielle 11/19
2019-12-05,bouldering,V2,redpoint,3,V2 purple dan 11/19
2019-12-05,bouldering,V2,repeat,1,V2 purple dan 11/19
2019-12-05,bouldering,V2,repeat,1,V2 purple dan 11/19
2019-12-05,bouldering,V2,repeat,1,V2 purple dan 11/19
2019-12-05,bouldering,V5,no,2,V5 black karl 11/19
2019-12-13,bouldering,VB,on-site,1,VB yellow karl 11/12
2019-12-13,bouldering,V2,on-site,1,V2 black ricky 11/12
2019-12-13,bouldering,V3,redpoint,3,V3 orange rachel 11/17
2019-12-13,bouldering,V3,no,3,V3 black brett 12/10
2019-12-13,bouldering,V3,no,4,V3 white arielle 12/10
2019-12-16,bouldering,VB,on-site,1,VB yellow ricky 11/12
2019-12-16,bouldering,V0,on-site,1,V0 yellow dan 12/10
2019-12-16,bouldering,V2,on-site,1,V2 white jack 12/3
2019-12-16,bouldering,V3,redpoint,1,V3 white arielle 12/10
2019-12-16,bouldering,V3,repeat,1,V3 white arielle 12/10
2019-12-16,bouldering,V3,redpoint,4,V3 black brett 12/10
2019-12-16,bouldering,V3,repeat,1,V3 black brett 12/10
2019-12-16,bouldering,V4,no,5,V4 green karl 1half6
2019-12-16,bouldering,V3,no,5,V3 orange karl 1half
2019-12-18,top rope,5.8,on-site,1,5.8 purple brett 1half1
2019-12-18,top rope,5.10b,on-site,1,5.10b red cheech 10/11
2019-12-18,top rope,5.11a,no,1,5.11a yellow andrew 9/19
2019-12-18,top rope,5.10d,no,1,5.10d red ricky 11/15
2019-12-28,bouldering,VB,on-site,1,VB yellow karl 11/12
2019-12-28,bouldering,V1,on-site,1,V1 yellow yack 12/3
2019-12-28,bouldering,V1,on-site,1,V1 yellow dan 1half6
2019-12-28,bouldering,V2,on-site,1,V2 blue brett 12/3
2019-12-28,bouldering,V2,on-site,1,V2 black arielle 1half6
2019-12-28,bouldering,V2,on-site,1,V2 green dan 12/10
2019-12-28,bouldering,V2,on-site,1,V2 black karl 12/24
2019-12-28,bouldering,V2,on-site,1,V2 green ricky 11/19
2019-12-28,bouldering,V2,on-site,1,V2 purple dan 11/19
2019-12-28,bouldering,V2,on-site,1,V2 black ricky 11/12
2019-12-28,bouldering,V2,repeat,4,V2 blue dan 11/12
2019-12-28,bouldering,V2,repeat,1,V2 white jack 12/3
2019-12-28,bouldering,V2,on-site,1,V2 blue karl 12/10
2019-12-28,bouldering,V2,repeat,1,V2 purple jack 12/3
2019-12-28,bouldering,V2,redpoint,3,V2 black karl 1half6
2019-12-28,bouldering,V4,no,10,V4 green karl 1half6
2019-12-30,bouldering,V0,repeat,1,V0 yellow dan 12/3
2019-12-30,bouldering,V1,repeat,1,V1 yellow jack 12/3
2019-12-30,bouldering,V2,repeat,1,V2 green dan 12/10
2019-12-30,bouldering,V2,repeat,1,V2 green ricky 11/19
2019-12-30,bouldering,V2,repeat,1,V2 green ricky 11/19
2019-12-30,bouldering,V4,redpoint,2,V4 green karl 1half6
2019-12-30,bouldering,V4,repeat,1,V4 green karl 1half6
2019-12-30,bouldering,V2,repeat,1,V2 black karl 1half6
2019-12-30,bouldering,V1,repeat,1,V1 yellow jack 12/3
2019-12-30,bouldering,V2,repeat,1,V2 blue brett 12/3
2019-12-30,bouldering,V1,repeat,1,V2 yellow dan 1half6
2019-12-30,bouldering,V2,repeat,1,V2 black karl 1half6
2019-12-30,bouldering,V1,repeat,1,V1 yellow jack 12/3
2019-12-30,bouldering,V2,repeat,1,V2 blue brett 12/3
2019-12-30,bouldering,V1,repeat,1,V2 yellow dan 1half6
2019-12-30,bouldering,V2,repeat,1,V2 black karl 1half6
2019-12-30,bouldering,V1,repeat,1,V1 yellow jack 12/3
2019-12-30,bouldering,V2,repeat,1,V2 blue brett 12/3
2019-12-30,bouldering,V1,repeat,1,V2 yellow dan 1half6
2019-12-30,bouldering,V2,repeat,1,V2 black karl 1half6
2019-12-30,bouldering,V1,repeat,1,V1 yellow jack 12/3
2019-12-30,bouldering,V2,repeat,1,V2 blue brett 12/3
2019-12-30,bouldering,V1,repeat,1,V2 yellow dan 1half6
2020-01-05,top rope,5.8,on-site,1,5.8 red ricky 10/18
2020-01-05,top rope,5.10a,on-site,1,5.10a purple andrew 10/17
2020-01-05,top rope,5.10b,on-site,1,5.10b blue logan 11/7
2020-01-05,top rope,5.10d,redpoint,1,5.10d red ricky 11/15
2020-01-05,top rope,5.11a,no,1,5.11a green rachel 11/13
2020-01-05,top rope,5.10d,no,1,5.10d green rachel 12/12
2020-01-05,top rope,5.10c,no,1,5.10c black darius 1/3
2020-01-06,top rope,5.9,on-site,1,5.9 red jack 12/13
2020-01-06,top rope,5.10b,on-site,1,5.10b black ricky 1half2
2020-01-06,top rope,5.10a,repeat,1,5.10a purple andrew 10/17
2020-01-06,top rope,5.8,on-site,1,5.8 blue darius 10/17
2020-01-06,top rope,5.9,on-site,1,5.9 green jack 12/4
2020-01-06,top rope,5.10c,on-site,1,5.10c yellow rachel 10/18
2020-01-25,top rope,5.8,on-site,1,5.8 purple brett 11-21
2020-01-25,top rope,5.10c,no,1,5.10c yellow alexandra 1-8
2020-01-25,top rope,5.10a,on-site,1,5.10a blue ricky 1-3
2020-01-25,top rope,5.10a,repeat,1,5.10a blue ricky 1-3
2020-02-01,top rope,5.9,on-site,1,5.9 y alex 12-19
2020-02-01,top rope,5.10a,on-site,1,5.10a purple darius 1-10
2020-02-01,top rope,5.10c,no,1,5.10c yellow alexandra 1-8
2020-02-01,top rope,5.10c,no,,5.10c black andrew
2020-02-01,top rope,5.10a,on-site,1,5.10a red alexandra 1-15
2020-02-01,top rope,5.10d,no,1,5.10d green rachel 12/12
2020-02-04,bouldering,VB,on-site,1,VB yellow dan 12-30
2020-02-04,bouldering,V0,on-site,1,V0 y doug 12-29
2020-02-04,bouldering,V0,on-site,1,V0 y Jeff 1-20
2020-02-04,bouldering,V1,on-site,1,V1 y dan 1-23
2020-02-04,bouldering,V1,on-site,1,V1 y dan 1-23
2020-02-04,bouldering,V3,on-site,1,V3 red Jeff 1-20
2020-02-04,bouldering,V3,on-site,1,V3 orange brett 1-17
2020-02-04,bouldering,V3,on-site,1,V3 orange brett 1-17
2020-02-04,bouldering,V4,no,8,V4 purple dan 1-27
2020-02-04,bouldering,V2,on-site,1,V2 white dan 12-22
2020-02-04,bouldering,V1,on-site,1,V1 y dan 1-23
2020-02-04,bouldering,V0,on-site,1,V0 y Jeff 1-20
2020-02-04,bouldering,V1,on-site,1,V1 y jeff 1-17
2020-02-04,bouldering,V2,on-site,1,V2 white dan 12-22
2020-02-04,bouldering,V1,on-site,1,V1 y dan 1-23
2020-02-04,bouldering,V0,on-site,1,V0 y Jeff 1-20
2020-02-04,bouldering,V1,on-site,1,V1 y jeff 1-17
2020-02-04,bouldering,V2,on-site,1,V2 white dan 12-22
2020-02-04,bouldering,V1,on-site,1,V1 y dan 1-23
2020-02-04,bouldering,V0,on-site,1,V0 y Jeff 1-20
2020-02-04,bouldering,V1,on-site,1,V1 y jeff 1-17
2020-02-04,bouldering,V2,on-site,1,V2 white dan 12-22
2020-02-04,bouldering,V1,on-site,1,V1 y dan 1-23
2020-02-04,bouldering,V0,on-site,1,V0 y Jeff 1-20
2020-02-04,bouldering,V1,on-site,1,V1 y jeff 1-17
2020-02-04,bouldering,V2,on-site,1,V2 white dan 12-22
2020-02-04,bouldering,V4,no,3,V4 pink dan 12-27
2020-02-06,top rope,5.10a,repeat,1,5.10a blue ricky 1-3
2020-02-06,top rope,5.9,on-site,1,5.9 white brett 1-9
2020-02-06,top rope,5.10a,on-site,1,5.10a red alexandra 1-5
2020-02-06,top rope,5.10b,no,,5.10b black brett 12-19
2020-02-06,top rope,5.10a,on-site,1,5.10a white brett 1-30
2020-02-09,bouldering,VB,on-site,1,VB ABP
2020-02-09,bouldering,V1,on-site,1,V1 ABP
2020-02-09,bouldering,V0,on-site,1,V0 ABP
2020-02-09,bouldering,V2,on-site,1,V2 ABP
2020-02-09,bouldering,V4,no,4,V4 ABP
2020-02-09,bouldering,V2,yes,3,V2 ABP dyno
2020-02-09,bouldering,V3,no,3,V3 ABP purple hook start
2020-02-09,bouldering,V2,on-site,1,V2 ABP 2
2020-02-09,bouldering,V4,no,6,V4 ABP orange overhang transition
2020-02-13,bouldering,VB,on-site,1,VB yellow jeff 1-17
2020-02-13,bouldering,V2,on-site,1,V2 purple jeff 1-17
2020-02-13,bouldering,V3,on-site,1,V3 green brett 1-17
2020-02-13,bouldering,V3,on-site,1,V3 green jeff 1-17
2020-02-13,bouldering,V2,on-site,1,V2 blue dan 1-17
2020-02-13,bouldering,V4,no,4,V4 blue rachel 1-24
2020-02-13,bouldering,V3,on-site,1,V3 orange dan 1-27
2020-02-13,bouldering,V4,flash,1,V4 pink jeff 1-27
2020-02-13,bouldering,V4,yes,5,V4 green dan 1-31
2020-02-14,top rope,5.9,repeat,1,5.9 white brett 1-9
2020-02-14,top rope,5.10c,yes,1,5.10c yellow alexandra 1-8
2020-02-14,top rope,5.10c,repeat,1,5.10c yellow alexandra 1-8
2020-02-16,top rope,5.9,on-site,1,5.9 black ricky 2-7
2020-02-16,top rope,5.10c,repeat,1,5.10c yellow alexandra 1-8
2020-02-16,top rope,5.10b,on-site,1,5.10b red logan 2-13
2020-02-16,top rope,5.10b,on-site,1,5.10b white jack 12-27
2020-02-16,top rope,5.10b,no,1,5.10b black cheech 1-8
2020-02-16,bouldering,V3,on-site,1,V3 black brett 1-7
2020-02-16,bouldering,V3,yes,4,V3 white arielle 2-11
2020-02-16,bouldering,V3,yes,4,V3 white arielle 2-11
2020-02-16,bouldering,V4,no,5,V4 green karl 1-7
2020-02-16,bouldering,V4,no,3,V3 blue karl 1-21
2020-02-16,bouldering,V2,on-site,1,V2 purple andrew 1-21
2020-02-18,top rope,5.9,yes,1,5.9 yellow alen 12-19
2020-02-18,top rope,5.10a,no,1,5.10a white brett 1-30
2020-02-18,top rope,5.10a,no,1,5.10a white brett 1-30
2020-02-20,bouldering,VB,on-site,1,VB y doug 1-24
2020-02-20,bouldering,VB,on-site,1,VB y cheech 1-20
2020-02-20,bouldering,V2,on-site,1,V2 black jack 1-20
2020-02-20,bouldering,V0,on-site,1,V0 yellow jeff 1-20
2020-02-20,bouldering,V0,on-site,1,V0 yellow andrew 2-3
2020-02-20,bouldering,V1,on-site,1,V1 yellow jack 2-3
2020-02-20,bouldering,V2,redpoint,3,V2 white rachel 1-31
2020-02-20,bouldering,V3,on-site,1,V3 white jack 2-3
2020-02-20,bouldering,V3,repeat,1,V3 white jack 2-3
2020-02-20,bouldering,V3,repeat,1,V3 white jack 2-3
2020-02-20,bouldering,V3,repeat,1,V3 white jack 2-3
2020-02-20,bouldering,V3,repeat,1,V3 white jack 2-3
2020-02-20,bouldering,V3,no,1,V3 white jack 2-3
2020-02-20,bouldering,V1,repeat,1,V1 yellow jack 2-3
2020-02-20,bouldering,V1,repeat,1,V1 yellow jack 2-3
2020-02-20,bouldering,V1,repeat,1,V1 yellow jack 2-3
2020-02-20,bouldering,V1,no,1,V1 yellow jack 2-3
2020-02-20,bouldering,V0,repeat,1,V0 yellow andrew 2-3
2020-02-20,bouldering,V0,repeat,1,V0 yellow andrew 2-3
2020-02-20,bouldering,V0,repeat,1,V0 yellow jeff 1-20
2020-02-20,bouldering,V0,repeat,1,V0 yellow jeff 1-20
2020-02-20,bouldering,V0,repeat,1,V0 yellow jeff 1-20
2020-02-20,bouldering,V0,repeat,1,V0 yellow jeff 1-20
2020-02-20,bouldering,V4,on-site,1,V4 green jeff 1-20
2020-02-20,bouldering,V4,repeat,1,V4 green jeff 1-20
2020-02-20,bouldering,V3,redpoint,2,V3 orange doug 1-24
2020-02-22,bouldering,VB,on-site,1,VB yellow karl 1-28
2020-02-22,bouldering,VB,repeat,1,VB yellow karl 1-28
2020-02-22,bouldering,VB,repeat,1,VB yellow karl 1-28
2020-02-22,bouldering,VB,repeat,1,VB yellow karl 1-28
2020-02-22,bouldering,V2,on-site,1,V2 red overhang back wall
2020-02-22,bouldering,V2,repeat,1,V2 red overhang back wall
2020-02-22,top rope,5.10a,repeat,1,5.10a red alexandra 1-15
2020-02-22,top rope,5.10c,no,2,5.10c yellow alexandra 1-8
2020-02-22,top rope,5.10c,no,1,5.10c purple darius 1-4
2020-02-25,top rope,5.9,repeat,1,5.9 blue dan 1-8
2020-02-25,top rope,5.9,repeat,1,5.9 blue dan 1-8
2020-02-25,top rope,5.9,repeat,1,5.9 white brett 1-9
2020-02-25,top rope,5.9,repeat,1,5.9 white brett 1-9
2020-02-27,bouldering,VB,repeat,1,VB yellow karl 1-28
2020-02-27,bouldering,V0,on-site,1,V0 yellow andrew 1-28
2020-02-27,bouldering,VB,on-site,1,VB yellow arielle 1-21
2020-02-27,bouldering,V1,on-site,1,V1 yellow andrew 1-25
2020-02-27,bouldering,V1,on-site,1,V1 yellow andrew 2-11
2020-02-27,bouldering,V0,on-site,1,V0 yellow arielle 2-11
2020-02-27,bouldering,V3,redpoint,1,V3 blue andrew 2-11
2020-02-27,bouldering,V3,repeat,1,V3 blue andrew 2-11
2020-02-27,bouldering,VB,repeat,1,VB yellow arielle 1-21
2020-02-27,bouldering,VB,repeat,1,VB yellow karl 1-28
2020-02-27,bouldering,V0,repeat,1,V0 yellow andrew 1-28
2020-02-27,bouldering,V1,repeat,1,V1 yellow andrew 1-25
2020-02-27,bouldering,V0,repeat,1,V0 yellow arielle 2-11
2020-02-27,bouldering,V1,repeat,1,V1 yellow andrew 2-11
2020-02-27,bouldering,VB,repeat,1,VB yellow karl 2-25
2020-02-27,bouldering,V3,repeat,1,V3 blue andrew 2-11
2020-02-27,bouldering,VB,repeat,1,VB yellow arielle 1-21
2020-02-27,bouldering,VB,repeat,1,VB yellow karl 1-28
2020-02-27,bouldering,V0,repeat,1,V0 yellow andrew 1-28
2020-02-27,bouldering,V1,repeat,1,V1 yellow andrew 1-25
2020-02-27,bouldering,V0,repeat,1,V0 yellow arielle 2-11
2020-02-27,bouldering,V1,repeat,1,V1 yellow andrew 2-11
2020-02-27,bouldering,V2,repeat,1,V2 green jack 1-25
2020-02-27,bouldering,V3,repeat,1,V3 blue andrew 2-11
2020-02-27,bouldering,VB,repeat,1,VB yellow arielle 1-21
2020-02-27,bouldering,VB,repeat,1,VB yellow karl 1-28
2020-02-27,bouldering,V0,repeat,1,V0 yellow andrew 1-28
2020-02-27,bouldering,V1,repeat,1,V1 yellow andrew 1-25
2020-02-27,bouldering,V0,repeat,1,V0 yellow arielle 2-11
2020-02-27,bouldering,V1,repeat,1,V1 yellow andrew 2-11
2020-02-27,bouldering,VB,repeat,1,VB yellow karl 2-25
2020-02-27,bouldering,V3,repeat,1,V3 blue andrew 2-11
2020-02-27,bouldering,VB,repeat,1,VB yellow arielle 1-21
2020-02-27,bouldering,VB,repeat,1,VB yellow karl 1-28
2020-02-27,bouldering,V0,repeat,1,V0 yellow andrew 1-28
2020-02-27,bouldering,V1,repeat,1,V1 yellow andrew 1-25
2020-02-27,bouldering,V0,repeat,1,V0 yellow arielle 2-11
2020-02-27,bouldering,V1,no,1,V1 yellow andrew 2-11
2020-02-27,bouldering,VB,repeat,1,VB yellow karl 2-25
2020-02-27,bouldering,V1,repeat,1,V1 yellow andrew 2-11
2020-02-27,bouldering,V1,repeat,1,V1 yellow andrew 2-11
2020-02-27,bouldering,V1,repeat,1,V1 yellow andrew 2-11
2020-02-28,lead,5.8,on-site,1,5.8 purple ricky 2-14
2020-02-28,lead,5.9,repeat,1,5.9 white brett 1-9
2020-02-28,top rope,5.10c,redpoint,1,5.10c yellow alexandra 1-8
2020-02-28,top rope,5.11a,on-site,1,5.11a red darius pizza planet
2020-02-28,top rope,5.11a,no,1,5.11a green alen 1-16
2020-02-28,top rope,5.10d,no,1,5.10d red praise the sun
2020-03-03,top rope,5.10a,repeat,1,5.10a white brett 1-30
2020-03-03,top rope,5.10b,no,,5.10b blue knobby rail
2020-03-03,top rope,5.10b,redpoint,2,5.10b red fin arete
2020-03-05,lead,5.9,redpoint,1,5.9 white brett 1-9
2020-03-05,lead,5.10b,no,1,5.10b black cheech 1-8
2020-03-05,lead,5.10a,on-site,1,5.10a orange overhanging blockfest
2020-03-07,bouldering,V1,on-site,1,V1 slab arete crimp
2020-03-07,bouldering,V1,repeat,1,V1 yellow andrew 2-11
2020-03-07,top rope,5.10b,on-site,1,5.10b  purple slopey dihedral
2020-03-07,top rope,5.10b,redpoint,1,5.10b black cheech 1-8
2020-03-07,top rope,5.10c,on-site,1,5.10c blue brett 2-15
2020-03-07,top rope,5.10d,no,1,5.10d red dan 2-4
2020-03-07,top rope,5.10d,on-site,1,5.10d purple little rascal
2020-03-07,top rope,5.11a,on-site,1,5.11a yellow arielle 1-24
2020-03-10,lead,5.9,repeat,1,5.9 white brett 1-9
2020-03-10,lead,5.10b,no,1,5.10b black cheech 1-8
2020-03-12,top rope,5.9,on-site,1,5.9 white rachel 1-29
2020-03-12,top rope,5.10a,on-site,1,5.10a blue rachel 3-11
2020-03-12,top rope,5.10a,repeat,1,5.10a white brett 1-30
2020-03-12,top rope,5.10a,on-site,1,5.10a blue ricky 2-21 absolute dunker
2020-07-14,top rope,5.10a,on-site,1,5.10a blue on overhang in back-right corner
2020-07-14,top rope,5.10d,on-site,1,5.10d red left of crack in speed canyon
2020-07-14,top rope,5.11a,no,2,5.11a green alen 1-16
2020-07-23,top rope,5.10c,no,1,5.10c blue brett 2-15
2020-07-23,bouldering,V4,on-site,1,V4 black anvil orange overhang
2020-07-23,bouldering,V4,no,3,V4 white overhanging crimpy arete ladder
2020-07-23,bouldering,V4,no,6,V4 purple 7-10 jeff wavy ledge corner
2020-07-23,bouldering,V3,on-site,1,V3 blue cave jug haul
2020-07-23,top rope,5.10c,no,1,5.10c blue brett 2-15
2020-07-25,bouldering,V1,repeat,1,V1 yellow arete jug ladder
2020-07-25,bouldering,V4,no,12,V4 white karl 7-10
2020-07-25,top rope,5.10d,no,1,5.10d red back wall arete
2020-07-25,top rope,5.10d,no,1,5.10d red back wall arete
2020-08-02,bouldering,VB,repeat,1,warm up ladder
2020-08-02,bouldering,VB,repeat,1,warm up ladder
2020-08-02,bouldering,VB,repeat,1,warm up ladder
2020-08-02,bouldering,VB,repeat,1,warm up ladder
2020-08-02,bouldering,V1,repeat,1,warm up ladder
2020-08-02,bouldering,V1,repeat,1,warm up ladder
2020-08-02,bouldering,V2,on-site,1,warm up ladder
2020-08-02,bouldering,V2,on-site,1,warm up ladder
2020-08-02,bouldering,V3,on-site,1,warm up ladder
2020-08-02,bouldering,V3,on-site,1,warm up ladder
2020-08-02,bouldering,V4,yes,3,V4 white andrew 3-3
2020-08-02,top rope,5.10b,repeat,1,5.10b red fin arete
2020-08-02,top rope,5.10d,no,1,5.10d black darius 2-6
2020-08-03,top rope,5.7,on-site,1,5.7 orange short route
2020-08-03,top rope,5.9,on-site,1,5.9 black short route
2020-08-03,top rope,5.10b,on-site,1,5.10b black
2020-08-03,top rope,5.11a,on-site,1,5.11a white
2020-08-03,bouldering,V3,on-site,1,V3 red slopey arete
2020-08-03,bouldering,V3,yes,4,V3 white arete
2020-08-05,bouldering,VB,repeat,1,warm up ladder
2020-08-05,bouldering,VB,repeat,1,warm up ladder
2020-08-05,bouldering,V0,repeat,1,warm up ladder
2020-08-05,bouldering,V0,repeat,1,warm up ladder
2020-08-05,bouldering,V1,repeat,1,warm up ladder
2020-08-05,bouldering,V1,repeat,1,warm up ladder
2020-08-05,bouldering,V2,repeat,1,warm up ladder
2020-08-05,bouldering,V2,repeat,1,warm up ladder
2020-08-05,bouldering,V3,repeat,1,warm up ladder
2020-08-05,bouldering,V3,repeat,1,warm up ladder
2020-08-05,bouldering,V4,yes,4,V4 red yo chi lin 7-31
2020-08-05,bouldering,V4,on-site,1,V4 purple yo chi lin slopey arete
2020-08-05,bouldering,V4,no,8,V4 purple 7-10 jeff wavy ledge corner
2020-08-05,bouldering,V4,no,6,V4 white overhanging crimpy arete ladder
2020-08-05,bouldering,V3,yes,4,V3 white cave transition
2020-08-09,top rope,5.10a,repeat,1,5.10a short blocky orange
2020-08-09,top rope,5.10a,repeat,1,5.10a blue rachel 3-11
2020-08-09,top rope,5.10b,no,2,5.10b purple alex 3-4
2020-08-09,top rope,5.10c,no,1,5.10c long crimpy endurance fest red
2020-08-10,top rope,5.10c,redpoint,3,5.10c blue pumpy pocket finish
2020-08-12,top rope,5.10a,repeat,1,5.10a silght overhanging blue
2020-08-12,top rope,5.10c,redpoint,1,5.10c long crimpy endurance fest red
2020-08-12,top rope,5.11a,no,4,5.11a green alen 1-16
2020-08-12,top rope,5.11b,no,3,"5.11b white ""bubbies"" back right wall"
2020-08-15,bouldering,VB,yes,1,
2020-08-15,bouldering,V0,yes,1,
2020-08-15,bouldering,V0,yes,1,
2020-08-15,bouldering,V1,yes,1,
2020-08-15,bouldering,V2,yes,1,
2020-08-15,bouldering,V2,yes,1,
2020-08-15,bouldering,V2,yes,1,
2020-08-15,bouldering,V3,yes,1,
2020-08-15,bouldering,V4,redpoint,3,V4 green crimpy pinch balance
2020-08-15,bouldering,V4,repeat,3,V4 red yo chi lin 7-31
2020-08-15,bouldering,V5,no,10,V5 purple jeff 8-14
2020-08-18,bouldering,VB,yes,1,
2020-08-18,bouldering,VB,yes,1,
2020-08-18,bouldering,V0,yes,1,
2020-08-18,bouldering,V0,yes,1,
2020-08-18,bouldering,V1,yes,1,
2020-08-18,bouldering,V1,yes,1,
2020-08-18,bouldering,V2,yes,1,
2020-08-18,bouldering,V2,yes,1,
2020-08-18,bouldering,V3,yes,1,
2020-08-18,bouldering,V4,redpoint,8,V4 blue crimpy arete ladder w/ slopey finish
2020-08-20,top rope,5.10a,repeat,,5.10a blue rachel 3-11
2020-08-20,top rope,5.10b,redpoint,1,5.10b purple alex 3-4
2020-08-20,top rope,5.10d,no,3,5.10d black darius 2-6
2020-08-20,top rope,5.10b,no,1,5.10b red yo chi lin 7-10
2020-08-23,bouldering,VB,,,
2020-08-23,bouldering,VB,,,
2020-08-23,bouldering,V0,,,
2020-08-23,bouldering,V1,,,
2020-08-23,bouldering,V2,,,
2020-08-23,bouldering,V2,,,
2020-08-23,bouldering,V3,,,
2020-08-23,bouldering,V4,onsite,1,V4 orange jeff 7-17
2020-08-23,bouldering,V5,redpoint,10,V5 purple jeff 8-14
2020-08-23,bouldering,V4,no,3,V4 black yo chi lin 7-24
2020-08-23,bouldering,V4,no,3,V4 purple jeff 8-7
2020-08-24,top rope,5.10a,onsite,1,5.10a red autobelay
2020-08-24,top rope,5.10a,repeat,1,5.10a blue rachel 3-11
2020-08-24,top rope,5.10a,repeat,1,5.10a blue rachel 3-11
2020-08-24,top rope,5.10b,onsite,1,5.10b blue pillar arete with hole-y rails
2020-08-24,top rope,5.10b,onsite,1,5.10b blue pillar arete with hole-y rails
2020-08-24,top rope,5.10c,no,1,5.10c long crimpy endurance fest red
2020-08-26,top rope,5.8,onsite,1,5.8 black jug haul
2020-08-26,top rope,5.9,onsite,1,5.9 black dihedral
2020-08-26,top rope,5.10a,repeat,1,5.10a orange blocks
2020-08-26,top rope,5.10a,onsite,1,5.10a red
2020-08-26,top rope,5.10b,repeat,1,5.10b blue pillar arete with hole-y rails
2020-08-26,top rope,5.10b,no,1,"5.10b red with powerful, overhanging finish"
2020-08-26,top rope,5.10b,no,1,5.10b white slabby crimp
2020-08-26,top rope,5.10b,no,1,"5.10b red with powerful, overhanging finish"
2020-08-29,bouldering,V0,yes,1,
2020-08-29,bouldering,V0,yes,1,
2020-08-29,bouldering,V1,yes,1,
2020-08-29,bouldering,V1,yes,1,
2020-08-29,bouldering,V2,repeat,1,V2 white overhanging side pull
2020-08-29,bouldering,V2,repeat,1,V2 red crimpy overhang with transition
2020-08-29,bouldering,V2,repeat,1,V2 red crimpy overhang with transition
2020-08-29,bouldering,V2,repeat,1,V2 red crimpy overhang with transition
2020-08-29,bouldering,V2,repeat,1,V2 red crimpy overhang with transition
2020-08-29,bouldering,V3,onsite,1,V3 purple overhanging side pull
2020-08-29,bouldering,V3,repeat,1,V3 purple overhanging side pull
2020-08-29,bouldering,V3,no,1,V3 purple overhanging side pull
2020-08-29,bouldering,V3,onsite,1,V3 green sit start arete slopers
2020-08-29,bouldering,V3,repeat,1,V3 green sit start arete slopers
2020-08-29,bouldering,V3,repeat,1,V3 green sit start arete slopers
2020-08-29,bouldering,V3,redpoint,4,V3 white slopey crimps straight vertical
2020-08-29,bouldering,V3,repeat,1,V3 white slopey crimps straight vertical
2020-08-29,bouldering,V3,repeat,1,V3 white slopey crimps straight vertical
2020-08-29,bouldering,V3,repeat,1,V3 white slopey crimps straight vertical
2020-08-29,bouldering,V2,repeat,1,V2 green overhanging slopey jugs
2020-08-29,bouldering,V2,repeat,1,V2 green overhanging slopey jugs
2020-08-29,bouldering,V2,repeat,2,V2 green overhanging slopey jugs
2020-08-29,bouldering,V4,no,3,V4 green crimpy overhang cross
2020-09-01,bouldering,V0,yes,1,
2020-09-01,bouldering,V0,yes,1,
2020-09-01,bouldering,V1,yes,1,
2020-09-01,bouldering,V1,yes,1,
2020-09-01,bouldering,V2,yes,1,
2020-09-01,bouldering,V2,yes,1,
2020-09-01,bouldering,V4,redpoint,3,V4 green crimpy overhang cross
2020-09-03,top rope,5.9,onsite,1,
2020-09-03,top rope,5.10b,onsite,1,
2020-09-03,top rope,5.11c,no,2,
2020-09-08,bouldering,VB,yes,1,
2020-09-08,bouldering,VB,yes,1,
2020-09-08,bouldering,VB,yes,1,
2020-09-08,bouldering,VB,yes,1,
2020-09-08,bouldering,V1,yes,1,
2020-09-08,bouldering,V2,yes,1,
2020-09-08,bouldering,V3,redpoint,3,V3 white anvil sloper to slopey edge
2020-09-08,bouldering,V4,no,6,V4 purple square to crimps
2020-09-10,bouldering,V4,no,10,V4 purple square to crimps
2020-09-10,top rope,5.11a,redpoint,2,5.11a black pillar
2020-09-12,bouldering,V0,,,
2020-09-12,bouldering,V0,,,
2020-09-12,bouldering,V1,,,
2020-09-12,bouldering,V2,,,
2020-09-12,bouldering,V3,,,
2020-09-12,bouldering,V4,no,6,V4 black pinch crimp transition
2020-09-12,bouldering,V4,redpoint,4,V4 purple square to crimps
2020-09-12,bouldering,V4,redpoint,6,V4 orange overhang crimps
2020-09-12,bouldering,V4,redpoint,4,V4 black pinch crimp transition
2020-09-12,top rope,5.11a,no,1,5.11a yellow autobelay in speed canyon
2020-09-15,bouldering,VB,repeat,1,
2020-09-15,bouldering,VB,repeat,1,
2020-09-15,bouldering,V0,repeat,1,
2020-09-15,bouldering,V1,yes,1,
2020-09-15,bouldering,V2,repeat,1,
2020-09-15,bouldering,V2,repeat,1,
2020-09-15,bouldering,V3,onsite,1,V3 orange overhanging arete crimps
2020-09-15,top rope,5.10a,yes,1,5.10a blue speed canyon
2020-09-15,top rope,5.10a,yes,1,5.10a blue speed canyon
2020-09-15,top rope,5.10a,yes,1,5.10a blue speed canyon
2020-09-15,top rope,5.10b,onsite,1,5.10b orange pillar
2020-09-15,top rope,5.10b,no,1,5.10b orange pillar
2020-09-15,top rope,5.11a,no,1,5.11a yellow next to short crack
2020-09-17,top rope,5.10a,onsite,1,5.10a black left wall
2020-09-17,top rope,5.10c,onsite,1,5.10c yellow crimps underclings and balls
2020-09-17,top rope,5.11a,redpoint,1,5.11a yellow next to short crack
2020-09-17,top rope,5.11c,no,1,5.11c yellow crimps and backsteps
2020-09-19,bouldering,V1,,,
2020-09-19,bouldering,VB,,,
2020-09-19,bouldering,VB,,,
2020-09-19,bouldering,V0,,,
2020-09-19,bouldering,V0,,,
2020-09-19,bouldering,V1,,,
2020-09-19,bouldering,V2,,,
2020-09-19,bouldering,V2,,,
2020-09-19,bouldering,V3,,,
2020-09-19,bouldering,V3,redpoint,2,V3 purple pinchy overhang
2020-09-19,bouldering,V3,onsite,1,V3 orange overhang jug haul
2020-09-19,bouldering,V3,repeat,3,V3 purple pinchy overhang
2020-09-19,bouldering,V4,redpoint,5,V4 white undercling sidepull
2020-09-19,bouldering,V4,redpoint,5,V4 black crimps & cross
2020-09-19,bouldering,V3,redpoint,3,V3 red overhang
2020-09-19,bouldering,V3,redpoint,9,V3 green balancey slopers
2020-09-22,bouldering,V4,onsite,1,V4 white crimp anvil
2020-09-22,bouldering,V4,no,3,V4 blue sit start to sloper
2020-09-24,top rope,5.7,onsite,1,
2020-09-24,top rope,5.8,onsite,1,
2020-09-24,top rope,5.10a,onsite,1,
2020-09-24,top rope,5.10c,no,1,
2020-09-24,top rope,5.11b,no,2,5.11b red crimpy karate kick
2020-09-29,top rope,5.6,onsite,1,
2020-09-29,top rope,5.6,repeat,1,
2020-09-29,top rope,5.9,onsite,1,
2020-09-29,top rope,5.9,repeat,1,
2020-09-29,top rope,5.10b,onsite,1,5.10b black autobelay
2020-09-29,top rope,5.10b,repeat,1,5.10b black autobelay
2020-09-29,top rope,5.11a,onsite,1,5.11a black autobelay
2020-09-29,top rope,5.11c,no,3,5.11c yellow crimps and backsteps
2020-10-01,top rope,5.10b,repeat,1,5.10b black autobelay
2020-10-01,top rope,5.11c,redpoint,1,5.11c yellow crimps and backsteps
2020-10-01,top rope,5.11a,no,1,5.11a overhung purple wavey edges
2020-10-01,top rope,5.10d,no,1,5.10d white knobby rails
2020-10-06,top rope,5.10b,onsite,1,5.10b black
2020-10-06,top rope,5.10d,onsite,1,5.10d green
2020-10-06,top rope,5.11b,no,2,5.11b red crimpy karate kick
2020-10-08,top rope,5.10b,yes,1,
2020-10-08,top rope,5.11b,redpoint,1,5.11b red crimpy karate kick
2020-10-08,top rope,5.12c,no,1,5.12c purple pillar
2020-10-08,top rope,5.11b,no,1,5.11b blue comp wall
2020-10-10,bouldering,V0,yes,1,
2020-10-10,bouldering,V0,yes,1,
2020-10-10,bouldering,V1,yes,1,
2020-10-10,bouldering,V1,yes,1,
2020-10-10,bouldering,V2,onsite,1,
2020-10-10,bouldering,V2,onsite,1,
2020-10-10,bouldering,V2,onsite,1,
2020-10-10,bouldering,V3,onsite,1,V3 white knobby rail
2020-10-10,bouldering,V3,onsite,1,V3 black arete
2020-10-10,bouldering,V3,redpoint,5,V3 white crimpy corner
2020-10-10,bouldering,V3,repeat,5,V3 white crimpy corner
2020-10-10,bouldering,V3,repeat,5,V3 white crimpy corner
2020-10-10,bouldering,V4,no,4,V4 black corner crimp & pocket
2020-10-12,bouldering,VB,yes,1,
2020-10-12,bouldering,V0,yes,1,
2020-10-12,bouldering,V0,yes,1,
2020-10-12,bouldering,V0,yes,1,
2020-10-12,bouldering,V1,yes,1,
2020-10-12,bouldering,V1,yes,1,
2020-10-12,bouldering,V1,yes,1,
2020-10-12,bouldering,V2,yes,1,
2020-10-12,bouldering,V2,yes,1,
2020-10-12,bouldering,V3,repeat,1,V3 white knobby rail
2020-10-12,bouldering,V3,yes,1,
2020-10-12,bouldering,V3,repeat,1,V3 white crimpy corner
2020-10-12,bouldering,V4,redpoint,10,V4 black corner crimp & pocket
2020-10-12,bouldering,V4,redpoint,3,V4 orange hueco crimps
2020-10-12,bouldering,V4,redpoint,2,V4 green slopers
2020-10-12,bouldering,V3,onsite,1,V3 white overhang cross
2020-10-12,bouldering,V3,repeat,1,V3 white overhang cross
2020-10-12,bouldering,V3,onsite,1,V3 purple
2020-10-12,bouldering,V3,onsite,1,
2020-10-12,bouldering,V5,no,1,V5 white crimp rail
2020-10-12,bouldering,V3,onsite,1,V3 orange pinch
2020-10-12,bouldering,V3,onsite,1,V3 white overhang jug haul
2020-10-12,bouldering,V3,repeat,1,V3 black arete
2020-10-31,bouldering,V4,redpoint,,Oct 2020 humboldt white V4
2020-11-5,bouldering,V5,no,4,Avondale black V5 slopey pinches
2020-11-7,bouldering,V5,redpoint,1,Avondale black V5 slopey pinches
2020-11-7,bouldering,V4,no,8,Avondale black V4 crimpy southern anvil
2020-12-6,bouldering,V4,no,8,Avondale black V4 crimpy southern anvil
2020-12-6,bouldering,V5,no,6,Avondale blue V5 east anvil arete
2020-12-6,bouldering,V3,onsite,1,Avondale green V3 incut ladder beak
2020-12-8,bouldering,V5,redpoint,2,Avondale blue V5 east anvil arete
2020-12-8,bouldering,V5,repeat,1,Avondale blue V5 east anvil arete
2020-12-8,bouldering,V4,no,8,Avondale black V4 crimpy southern anvil
2020-12-8,bouldering,V4,redpoint,4,Avondale blue V4 x-thru stand up undercling
2020-12-8,bouldering,V4,redpoint,1,Avondale blue V4 x-thru stand up undercling
2020-12-8,bouldering,V3,no,6,Avondale purple V3 SE anvil arete crimp & pinch
2020-12-10,bouldering,V4,redpoint,3,Avondale black V4 crimpy southern anvil
2020-12-10,bouldering,V3,redpoint,2,Avondale purple V3 SE anvil arete crimp & pinch
2020-12-14,bouldering,V4,no,4,Avondale green V4 east anvil sloper finish
2020-12-18,bouldering,V4,no,6,Avondale green V4 crimp eastern slab
2020-12-21,bouldering,V4,redpoint,4,Avondale green V4 east anvil sloper finish
2020-12-21,bouldering,V4,no,6,Avondale blue V4 NE anvil arete barn door
2020-12-21,bouldering,V4,redpoint,3,Avondale green V4 crimp eastern slab
2020-12-23,top rope,5.11b,no,1,Avondale blue 5.11b flat sloper traverse
2020-12-26,lead,5.10b,yes,1,Avondale purple 5.10b lead
2020-12-26,top rope,5.11b,no,2,Avondale blue 5.11b flat sloper traverse
2020-12-29,bouldering,V4,redpoint,2,Avondale orange V4 cave north
2020-12-29,bouldering,V3,onsite,1,Avondale purple V3 cave north
2020-12-29,bouldering,V3,repeat,1,Avondale purple V3 cave north
2021-01-12,bouldering,V4,no,3,
2021-01-12,bouldering,V2,repeat,4,Avondale white V2 knob near cave
2021-01-12,bouldering,V4,redpoint,2,Avondale green V4 anvil south
2021-01-12,bouldering,V6,no,4,Avondale blue V6 east overhang
2021-01-12,bouldering,V5,no,4,Avondale red V5 pillar & crimps east overhang
2021-01-14,top rope,5.7,onsite,1,
2021-01-14,top rope,5.8,onsite,1,
2021-01-14,top rope,5.10b,repeat,1,5.10b purple N back wall
2021-01-14,top rope,5.10c,onsite,1,5.10c white N back wall
2021-01-14,top rope,5.10b,redpoint,2,5.10b purple S back wall slopey jugs
2021-01-15,top rope,5.8,onsite,1,
2021-01-15,top rope,5.6,onsite,1,
2021-01-15,top rope,5.10a,onsite,1,
2021-01-15,top rope,5.9,onsite,1,5.9 green beginner wall near crack
2021-01-15,top rope,5.10c,no,1,5.10c yellow N back wall
2021-01-18,bouldering,VB,,,
2021-01-18,bouldering,V0,,,
2021-01-18,bouldering,V0,,,
2021-01-18,bouldering,V0,,,
2021-01-18,bouldering,V1,,,
2021-01-18,bouldering,V1,,,
2021-01-18,bouldering,V2,no,2,Avondale white V2 knob near cave
2021-01-18,bouldering,V4,no,4,Avondale green V4 N anvil
2021-01-18,bouldering,V6,no,3,Avondale blue V6 east overhang
2021-01-18,bouldering,V5,no,4,Avondale red V5 cave corner
2021-01-18,bouldering,V5,no,4,Avondale white V5 beak
2021-01-20,bouldering,V1,,,
2021-01-20,bouldering,V0,,,
2021-01-20,bouldering,V2,repeat,1,Avondale V2 green E overhang
2021-01-20,bouldering,V2,repeat,1,Avondale V2 green E overhang
2021-01-20,bouldering,V2,repeat,7,Avondale white V2 knob near cave
2021-01-20,bouldering,V2,onsite,1,
2021-01-20,bouldering,V2,repeat,1,
2021-01-20,bouldering,V2,repeat,1,
2021-01-20,bouldering,V2,repeat,1,
2021-01-20,bouldering,V2,onsite,1,
2021-01-20,bouldering,V2,repeat,2,Avondale black V2 beak W
2021-01-20,bouldering,V2,repeat,1,Avondale black V2 beak W
2021-01-20,bouldering,V2,onsite,1,Avondale red V2 N anvil overhang
2021-01-20,bouldering,V2,repeat,1,Avondale red V2 N anvil overhang
2021-01-20,bouldering,V4,redpoint,3,Avondale green V4 N anvil
2021-01-20,bouldering,V3,no,4,Avondale blue V3 NW anvil crimpy arete
2021-01-20,bouldering,V3,no,3,Avondale red V3 SW anvil sloper
2021-01-20,bouldering,V3,redpoint,4,Avondale purple V3 beak W arete
2021-01-20,bouldering,V3,redpoint,2,Avondale purple V3 anvil E corner
2021-01-22,bouldering,V0,repeat,1,
2021-01-22,bouldering,V0,repeat,1,
2021-01-22,bouldering,V0,repeat,1,
2021-01-22,bouldering,V0,repeat,1,
2021-01-22,bouldering,V0,repeat,1,
2021-01-22,bouldering,V0,repeat,1,
2021-01-22,bouldering,V2,repeat,1,Avondale white V2 knob near cave
2021-01-22,bouldering,V3,repeat,5,Avondale blue V3 E wall campus corner pocket deadpoint
2021-01-22,bouldering,V3,redpoint,10,Avondale red V3 SW anvil sloper
2021-01-22,bouldering,V3,no,9,Avondale blue V3 NW anvil crimpy arete
2021-01-22,bouldering,V4,no,3,Avondale black V4 beak W
2021-01-25,bouldering,V0,,,
2021-01-25,bouldering,VB,,,
2021-01-25,bouldering,V0,,,
2021-01-25,bouldering,V0,,,
2021-01-25,bouldering,V0,,,
2021-01-25,bouldering,V2,repeat,1,Avondale black V2 beak W
2021-01-25,bouldering,V3,onsite,1,Avondale red V3 anvil E
2021-01-25,bouldering,V3,repeat,2,Avondale purple V3 anvil E
2021-01-25,bouldering,V3,no,4,Avondale red V3 SW anvil sloper
2021-01-25,bouldering,V5,no,10,Avondale red V5 cave corner
2021-01-25,bouldering,V4,flash,1,Avondale black V4 cave corner
2021-01-25,bouldering,V5,flash,1,Avondale white V5 anvil E
2021-01-25,bouldering,V5,no,7,Avondale white V5 beak W
2021-01-27,top rope,5.9,onsite,1,
2021-01-27,top rope,5.9,onsite,1,
2021-01-27,top rope,5.10a,redpoint,2,Avondale black 5.10a N overhang arete
2021-01-27,top rope,5.9,repeat,1,
2021-01-27,top rope,5.10a,flash,1,Avondale black 5.10a SW pillar
2021-01-27,top rope,5.10a,flash,1,
2021-01-29,bouldering,VB,,,
2021-01-29,bouldering,V0,,,
2021-01-29,bouldering,V0,,,
2021-01-29,bouldering,V0,,,
2021-01-29,bouldering,V2,repeat,,Avondale purple V2 E anvil
2021-01-29,bouldering,V2,repeat,,Avondale green V2 E overhang
2021-01-29,bouldering,V4,no,2,Avondale blue V4 beak
2021-01-29,bouldering,V5,redpoint,2,Avondale red V5 cave corner
2021-01-29,bouldering,V3,no,3,Avondale blue V3 NW anvil crimpy arete
2021-01-29,bouldering,V5,redpoint,3,Avondale white V5 beak W
2021-01-29,bouldering,V4,redpoint,3,Avondale green V4 E overhang
2021-01-29,bouldering,V5,no,4,Avondale red V5 E overhang
2021-01-29,bouldering,V3,repeat,2,Avondale blue V3 beak E
2021-02-02,bouldering,V1,yes,1,
2021-02-02,bouldering,V1,yes,1,
2021-02-02,bouldering,V1,yes,1,
2021-02-02,bouldering,V1,yes,1,
2021-02-02,bouldering,V2,yes,1,
2021-02-02,bouldering,V2,yes,1,
2021-02-02,bouldering,V3,redpoint,2,
2021-02-02,bouldering,V3,onsite,1,
2021-02-02,bouldering,V4,no,3,Avondale green V4 slopey beak
2021-02-02,bouldering,V4,onsite,1,Avondale black V4 beak arete
2021-02-02,bouldering,V3,redpoint,3,Avondale blue V3 NW anvil crimpy arete
2021-02-02,bouldering,V5,no,12,Avondale red V5 E overhang
2021-02-28,bouldering,V0,yes,1,
2021-02-28,bouldering,V1,yes,1,
2021-02-28,bouldering,V1,yes,1,
2021-02-28,bouldering,V4,onsite,1,Avondale purple V2 high foot east overhang
2021-02-28,bouldering,V2,onsite,1,
2021-02-28,bouldering,V4,repeat,3,Avondale purple V2 high foot east overhang
2021-02-28,bouldering,V3,no,5,Avondale red V3 E overhang / left arete
2021-02-28,bouldering,V3,no,2,Avondale green V3 cave corner
2021-02-28,bouldering,V4,yes,3,Avondale white V4 E beak
2021-03-01,top rope,5.6,yes,1,
2021-03-01,top rope,5.6,yes,1,
2021-03-01,top rope,5.8,yes,1,
2021-03-01,top rope,5.10a,onsight,1,Avondale black 5.10a NW steep wall
2021-03-01,top rope,5.10b,onsight,1,
2021-03-01,top rope,5.10c,no,3,Avondale green 5.10c back wall fat pinch mid to incut jugs at top
2021-03-01,top rope,5.10a,no,1,Avondale black 5.10a NW steep wall
2021-03-03,bouldering,V0,yes,,
2021-03-03,bouldering,V0,yes,,
2021-03-03,bouldering,V0,yes,,
2021-03-03,bouldering,V0,yes,,
2021-03-03,bouldering,V2,yes,,
2021-03-03,bouldering,V2,yes,,
2021-03-03,bouldering,V2,yes,,
2021-03-03,bouldering,V3,onsight,1,Avondale red V3 campus corner
2021-03-03,bouldering,V3,redpoint,1,Avondale red V3 E overhang / left arete
2021-03-03,bouldering,V3,repeat,3,Avondale red V3 SW anvil sloper
2021-03-03,bouldering,V3,repeat,2,Avondale red V3 SW anvil sloper
2021-03-03,bouldering,V2,onsight,1,
2021-03-03,bouldering,V4,no,4,Avondale black V4 cave corner crimps
2021-03-03,bouldering,V3,redpoint,2,Avondale green V3 cave corner
2021-03-03,bouldering,V4,no,3,Avondale white V4 E anvil arete
2021-03-03,bouldering,V4,no,8,Avondale red V4 kid corner
2021-03-05,top rope,5.10a,repeat,1,Avondale red 5.10a autobelay
2021-03-05,top rope,5.10b,repeat,1,
2021-03-05,top rope,5.10a,repeat,1,Avondale black 5.10a NW steep wall
2021-03-05,top rope,5.10d,no,2,Avondale red 5.10d locker corner
2021-03-08,bouldering,V0,yes,,
2021-03-08,bouldering,V0,yes,,
2021-03-08,bouldering,V0,yes,,
2021-03-08,bouldering,V0,yes,,
2021-03-08,bouldering,V2,yes,,
2021-03-08,bouldering,V2,yes,,
2021-03-08,bouldering,V2,yes,,
2021-03-08,bouldering,V4,yes,4,Avondale white V4 NE anvil corner
2021-03-08,bouldering,V4,no,2,Avondale green V4 slopey beak
2021-03-08,bouldering,V5,no,9,Avondale white V5 E overhang
2021-03-08,bouldering,V5,no,4,Avondale black V5 NE anvil arete pinch/sloper
2021-03-10,bouldering,V0,repeat,1,
2021-03-10,bouldering,V0,repeat,1,
2021-03-10,bouldering,V0,repeat,1,
2021-03-10,bouldering,V0,repeat,1,
2021-03-10,bouldering,V0,repeat,1,
2021-03-10,bouldering,V0,repeat,1,
2021-03-10,bouldering,V0,repeat,1,
2021-03-10,bouldering,V0,repeat,1,
2021-03-10,bouldering,V0,repeat,1,
2021-03-10,bouldering,V2,repeat,1,
2021-03-10,bouldering,V2,repeat,1,
2021-03-10,bouldering,V2,repeat,1,
2021-03-10,bouldering,V3,repeat,6,Avondale green V3 cave corner
2021-03-10,bouldering,V3,onsight,1,Avondale red V3 NE anvil face
2021-03-10,bouldering,V3,repeat,1,Avondale red V3 NE anvil face
2021-03-10,bouldering,V3,repeat,1,Avondale red V3 NE anvil face
2021-03-10,bouldering,V3,repeat,1,Avondale red V3 NE anvil face
2021-03-12,top rope,5.9,,,
2021-03-12,top rope,5.10a,onsight,1,Avondale blue 5.10a pillar
2021-03-12,top rope,5.10b,onsight,1,Avondale red 5.10b pillar
2021-03-12,top rope,5.10c,yes,2,Avondale blue 5.10c transition corner
2021-03-12,top rope,5.11a,no,1,Avondale purple 5.11a back wall
2021-03-15,bouldering,V1,yes,1,
2021-03-15,bouldering,V0,yes,1,
2021-03-15,bouldering,V2,onsight,1,Avondale black V2 W anvil
2021-03-15,bouldering,V2,onsight,1,Avondale blue V2 W anvil
2021-03-15,bouldering,V3,yes,6,Avondale orange V3 W anvil
2021-03-15,bouldering,V4,no,1,Avondale white V4 N anvil
2021-03-15,bouldering,V4,no,2,Avondale orange V4 S anvil
2021-03-15,bouldering,V4,no,7,Avondale white V4 W anvil mcallister
2021-03-17,top rope,5.6,yes,1,
2021-03-17,top rope,5.6,repeat,1,
2021-03-17,top rope,5.10a,repeat,1,Avondale red 5.10a autobelay
2021-03-17,top rope,5.10a,repeat,1,Avondale red 5.10a autobelay
2021-03-17,top rope,5.10a,onsight,1,Avondale black 5.10a right of crack
2021-03-17,top rope,5.10a,repeat,1,Avondale black 5.10a right of crack
2021-03-17,top rope,5.10c,no,1,Avondale green 5.10c E pillar
2021-03-17,bouldering,V1,repeat,1,
2021-03-17,bouldering,V1,repeat,1,
2021-03-17,bouldering,V1,repeat,1,
2021-03-19,bouldering,V1,repeat,1,
2021-03-19,bouldering,V1,repeat,1,
2021-03-19,bouldering,V1,repeat,1,
2021-03-19,bouldering,V1,repeat,1,
2021-03-19,bouldering,V1,repeat,1,
2021-03-19,bouldering,V3,repeat,1,Avondale blue V3 beak pinch
2021-03-19,bouldering,V3,repeat,1,
2021-03-19,bouldering,V3,repeat,1,Avondale blue V3 beak pinch
2021-03-19,bouldering,V4,redpoint,1,Avondale red V4 kid corner
2021-03-19,bouldering,V4,redpoint,11,Avondale black V4 cave corner crimps
2021-03-24,bouldering,V1,yes,1,
2021-03-24,bouldering,V1,yes,1,
2021-03-24,bouldering,V1,yes,1,
2021-03-24,bouldering,V1,yes,1,
2021-03-24,bouldering,V2,repeat,1,Avondale orange V2 beak
2021-03-24,bouldering,V2,repeat,1,Avondale black V2 anvile
2021-03-24,bouldering,V2,repeat,1,Avondale black V2 E overhang
2021-03-24,bouldering,V2,repeat,1,Avondale black V2 E overhang
2021-03-24,bouldering,V4,onsight,1,Avondale green V4 beak
2021-03-24,bouldering,V4,onsight,1,Avondale purple V4 beak
2021-03-24,bouldering,V4,no,4,Avondale white V4 W anvil mcallister
2021-03-24,bouldering,V4,no,2,Avondale white V4 N anvil
2021-03-24,bouldering,V3,onsight,1,Avondale red V3 beak
2021-03-26,bouldering,V1,,,
2021-03-26,bouldering,V1,,,
2021-03-26,bouldering,V4,no,3,Avondale white V4 W anvil mcallister
2021-03-26,bouldering,V4,redpoint,2,Avondale white V4 N anvil
2021-03-26,bouldering,V4,onsight,1,Avondale orange V4 beak
2021-03-26,bouldering,V4,no,14,Avondale white V4 W anvil mcallister
2021-03-31,top rope,5.10b,onsight,1,Avondale white 5.10b autobelay
2021-03-31,top rope,5.10b,no,2,Avondale white 5.10b autobelay
2021-04-02,bouldering,V1,yes,1,
2021-04-02,bouldering,V1,yes,1,
2021-04-02,bouldering,V1,yes,1,
2021-04-02,bouldering,V1,yes,1,
2021-04-02,bouldering,V2,yes,1,
2021-04-02,bouldering,V2,yes,1,
2021-04-02,bouldering,V3,yes,2,
2021-04-02,bouldering,V3,onsight,1,
2021-04-02,bouldering,V3,repeat,1,
2021-04-02,bouldering,V4,no,1,Avondale white V4 top out boulder dyno
2021-04-02,bouldering,V4,onsight,1,Avondale white V4 logo wall
2021-04-02,bouldering,V4,redpoint,1,Avondale white V4 W anvil mcallister
2021-04-02,bouldering,V4,repeat,3,Avondale white V4 W anvil mcallister
2021-04-02,bouldering,V4,no,7,Avondale white V4 W anvil mcallister
2021-04-02,bouldering,V2,onsight,1,
2021-04-02,top rope,5.10b,redpoint,1,Avondale white 5.10b autobelay
2021-04-02,top rope,5.10c,redpoint,1,Avondale green 5.10c back wall fat pinch mid to incut jugs at top
2021-04-02,top rope,5.10a,no,1,Avondale black 5.10a NW steep wall
2021-04-05,bouldering,V1,yes,1,
2021-04-05,bouldering,V1,yes,1,
2021-04-05,bouldering,V1,yes,1,
2021-04-05,bouldering,V1,yes,1,
2021-04-05,bouldering,V1,yes,1,
2021-04-05,bouldering,V4,repeat,1,Avondale orange V4 beak
2021-04-05,bouldering,V4,repeat,1,Avondale orange V4 beak
2021-04-05,bouldering,V4,repeat,4,Avondale white V4 NE anvil corner
2021-04-05,bouldering,V5,no,7,Avondale black V5 SE anvil arete pinch sloper
2021-04-05,bouldering,V6,no,2,Avondale blue V6 anvil E
2021-04-05,bouldering,V5,no,2,Avondale white V5 beak arete
2021-04-07,bouldering,V1,yes,1,
2021-04-07,bouldering,V1,yes,1,
2021-04-07,bouldering,V1,yes,1,
2021-04-07,bouldering,V1,yes,1,
2021-04-07,bouldering,V1,yes,1,
2021-04-07,bouldering,V1,yes,1,
2021-04-07,bouldering,V2,repeat,1,Avondale red V2 logo wall
2021-04-07,bouldering,V2,repeat,1,Avondale red V2 logo wall
2021-04-07,bouldering,V2,onsight,1,Avondale red V2 cave to top out
2021-04-07,bouldering,V2,onsight,1,Avondale black V2 top out
2021-04-07,bouldering,V2,repeat,1,Avondale black V2 top out
2021-04-07,bouldering,V2,repeat,1,Avondale black V2 top out
2021-04-07,bouldering,V2,repeat,1,Avondale black V2 top out
2021-04-07,bouldering,V2,repeat,1,Avondale black V2 top out
2021-04-07,bouldering,V4,onsight,1,Avondale green V4 logo wall
2021-04-07,bouldering,V4,repeat,3,Avondale green V4 logo wall
2021-04-07,bouldering,V2,repeat,1,Avondale red V2 logo wall
2021-04-07,bouldering,V1,repeat,1,Avondale yellow V1 logo wall
2021-04-07,bouldering,V2,repeat,1,Avondale red V2 cave to top out
2021-04-07,bouldering,V2,no,1,Avondale black V2 top out
2021-04-07,bouldering,V2,repeat,1,Avondale red V2 logo wall
2021-04-07,bouldering,V1,repeat,1,Avondale yellow V1 logo wall
2021-04-07,bouldering,V2,repeat,1,Avondale red V2 cave to top out
2021-04-07,bouldering,V2,repeat,1,Avondale black V2 top out
2021-04-07,bouldering,V2,repeat,1,Avondale red V2 logo wall
2021-04-07,bouldering,V1,repeat,1,Avondale yellow V1 logo wall
2021-04-07,bouldering,V2,repeat,1,Avondale red V2 cave to top out
2021-04-07,bouldering,V2,repeat,1,Avondale black V2 top out
2021-04-07,bouldering,V2,repeat,1,Avondale red V2 logo wall
2021-04-07,bouldering,V1,repeat,1,Avondale yellow V1 logo wall
2021-04-07,bouldering,V2,repeat,1,Avondale red V2 cave to top out
2021-04-07,bouldering,V2,no,1,Avondale black V2 top out
2021-04-08,top rope,5.9,onsight,1,Avondale red 5.9 pillar
2021-04-08,top rope,5.10b,onsight,1,Avondale black 5.10b speed canyon
2021-04-08,top rope,5.10a,repeat,1,Avondale black 5.10a NW steep wall
2021-04-08,top rope,5.10a,repeat,1,Avondale black 5.10a NW steep wall
2021-04-08,top rope,5.11a,onsight,1,Avondale black 5.11a crack corner semi dihedral crimps
2021-04-08,top rope,5.10c,no,1,Avondale green 5.10c E pillar
2021-04-15,bouldering,V1,yes,1,
2021-04-15,bouldering,V1,yes,1,
2021-04-15,bouldering,V1,yes,1,
2021-04-15,bouldering,V1,yes,1,
2021-04-15,bouldering,V2,yes,1,
2021-04-15,bouldering,V2,yes,1,
2021-04-15,bouldering,V2,yes,1,
2021-04-15,bouldering,V2,yes,1,
2021-04-15,bouldering,V3,yes,1,
2021-04-15,bouldering,V4,onsight,1,Avondale blue V4 anvil E arete w/ pinch
2021-04-15,bouldering,V4,repeat,4,Avondale blue V4 anvil E arete w/ pinch
2021-04-15,bouldering,V4,no,7,Avondale black V4 anvil E low rail start
2021-04-15,bouldering,V4,no,7,Avondale blue V4 anvil E double undercling start
2021-04-15,bouldering,V3,onsight,1,
2021-04-15,bouldering,V4,no,5,Avondale blue V4 anvil E double undercling start
2021-04-16,bouldering,V1,yes,1,
2021-04-16,bouldering,V1,yes,1,
2021-04-16,bouldering,V2,yes,1,
2021-04-16,bouldering,V2,yes,1,
2021-04-16,bouldering,V4,repeat,1,Avondale orange V4 beak
2021-04-16,bouldering,V3,onsight,1,Avondale black V3 left cave entrance
2021-04-16,bouldering,V3,repeat,4,Avondale black V3 left cave entrance
2021-04-16,top rope,5.10b,repeat,1,Avondale white 5.10b autobelay
2021-04-16,top rope,5.10b,redpoint,1,Avondale purple 5.10b autobelay slopers
2021-04-16,lead,5.9,onsight,1,Avondale red 5.9 pillar
2021-04-16,lead,5.10a,no,1,Avondale black 5.10a NW steep wall
2021-04-19,bouldering,V1,yes,1,
2020-04-19,bouldering,V1,yes,1,
2020-04-19,bouldering,V1,yes,1,
2020-04-19,bouldering,V1,yes,1,
2020-04-19,bouldering,V1,repeat,1,
2020-04-19,bouldering,V3,repeat,2,orange V3 anvil W
2020-04-19,bouldering,V4,onsight,1,orange V4 left of cave Alex Fox
2020-04-19,bouldering,V4,no,4,Avondale white V4 W anvil mcallister
2020-04-19,bouldering,V4,onsight,1,red V4 campus corner
2021-04-19,bouldering,V4,repeat,1,orange V4 beak
2021-04-21,bouldering,V1,repeat,1,
2021-04-21,bouldering,V1,repeat,1,
2021-04-21,bouldering,V1,repeat,1,
2021-04-21,bouldering,V1,repeat,1,
2021-04-21,bouldering,V1,repeat,1,V1 top out cave right
2021-04-21,bouldering,V3,repeat,1,V3 black top out cave right
2021-04-21,bouldering,V3,repeat,1,V3 black top out cave right
2021-04-21,bouldering,V3,repeat,1,V3 purple top out cave right
2021-04-21,bouldering,V3,repeat,1,
2021-04-21,bouldering,V4,no,8,Avondale black V4 cave top out left
2021-04-21,bouldering,V3,yes,3,V3 white kid corner slopey jugs
2021-04-21,bouldering,V2,repeat,1,
2021-04-21,bouldering,V2,repeat,1,
2021-04-21,bouldering,V2,repeat,1,
2021-04-21,bouldering,V2,repeat,1,
2021-04-21,bouldering,V2,repeat,1,
2021-04-21,bouldering,V2,repeat,1,
2021-04-21,bouldering,V2,repeat,1,
2021-04-21,bouldering,V2,repeat,1,
2021-04-21,bouldering,V2,repeat,1,
2021-04-23,bouldering,V1,yes,1,
2021-04-23,bouldering,V1,yes,1,
2021-04-23,bouldering,V1,yes,1,
2021-04-23,bouldering,V1,yes,1,
2021-04-23,bouldering,V1,yes,1,
2021-04-23,bouldering,V3,repeat,,Avondale purple V3 cave right top out
2021-04-23,bouldering,V3,repeat,,Avondale purple V3 cave right top out
2021-04-23,bouldering,V3,repeat,,Avondale purple V3 cave right top out
2021-04-23,bouldering,V4,redpoint,1,Avondale black V4 cave top out left
2021-04-23,bouldering,V6,redpoint,9,Avondale white V6 beak
2021-04-23,bouldering,V4,redpoint,5,Avondale black V4 anvil E low rail start
2021-04-23,bouldering,V4,no,4,Avondale white V4 dyno top out
2021-04-27,bouldering,V0,yes,3,
2021-04-27,bouldering,V1,yes,1,
2021-04-27,bouldering,V1,yes,1,
2021-04-27,bouldering,V1,yes,1,
2021-04-27,bouldering,V2,yes,1,
2021-04-27,bouldering,V3,yes,1,
2021-04-27,bouldering,V3,yes,1,
2021-04-27,bouldering,V4,yes,5,Humboldt blue V4 with pogo move
2021-04-27,bouldering,V4,yes,2,Humboldt white V4 spine
2021-04-27,bouldering,V4,no,4,Humboldt orange V4 tufa layback
2021-04-27,bouldering,V4,no,3,"Humboldt black V4 crimps, deep pinch"
2021-04-29,bouldering,V1,yes,1,
2021-04-29,bouldering,V2,yes,1,
2021-04-29,bouldering,V3,yes,2,Humboldt black V3 tall overhang
2021-04-29,bouldering,V5,flash,1,Humboldt blue V5 big pinch with mini dyno
2021-04-29,bouldering,V3,repeat,1,Humboldt black V3 tall overhang
2021-04-29,bouldering,V4,yes,3,Humboldt black V4 crimpy side pulls & gastons
2021-04-29,bouldering,V5,no,3,Humboldt pink V5 slopey crimp start A Fox
2021-04-29,bouldering,V4,yes,2,Humboldt purple V4 balancey slopers
2021-04-29,bouldering,V5,no,4,Humboldt purple V5 side pull start
2021-04-29,bouldering,V5,no,4,Humboldt pink V5 slopey crimp start A Fox
2021-05-03,bouldering,V1,,,
2021-05-03,bouldering,V1,,,
2021-05-03,bouldering,V1,,,
2021-05-03,bouldering,V1,,,
2021-05-03,bouldering,V3,repeat,,Humboldt black V3 tall overhang
2021-05-03,bouldering,V3,repeat,,Humboldt black V3 tall overhang
2021-05-03,bouldering,V5,redpoint,2,Humboldt pink V5 slopey crimp start A Fox
2021-05-03,bouldering,V4,yes,3,Humboldt black V4 slopey slab McAllister
2021-05-03,bouldering,V4,repeat,4,Humboldt black V4 crimpy side pulls & gastons
2021-05-03,bouldering,V3,yes,5,Humboldt purple V3 low block start A Fox
2021-05-03,bouldering,V4,repeat,1,Humboldt black V4 crimpy side pulls & gastons
2021-05-03,bouldering,V4,repeat,1,Humboldt black V4 crimpy side pulls & gastons
2021-05-05,bouldering,V1,yes,1,
2021-05-05,bouldering,V1,yes,1,
2021-05-05,bouldering,V1,yes,1,
2021-05-05,bouldering,V2,yes,1,
2021-05-05,bouldering,V2,yes,1,
2021-05-05,bouldering,V3,yes,1,
2021-05-05,bouldering,V3,no,9,Humboldt white V3 undercling to slopey jugs
2021-05-05,bouldering,V3,yes,4,Humboldt black V3 big overhang
2021-05-05,bouldering,V2,yes,1,
2021-05-05,bouldering,V3,yes,1,
2021-05-05,bouldering,V3,yes,1,
2021-05-05,bouldering,V2,yes,1,
2021-05-05,bouldering,V2,yes,1,
2021-05-05,bouldering,V4,no,5,Humboldt black V4 slopers
2021-05-05,bouldering,V3,yes,1,Humboldt blue V3 crimp rail volume
2021-05-05,bouldering,V3,yes,1,Humboldt red V3 overhang jug
2021-05-07,bouldering,V1,repeat,1,
2021-05-07,bouldering,V1,repeat,1,
2021-05-07,bouldering,V2,repeat,1,
2021-05-07,bouldering,V2,repeat,1,
2021-05-07,bouldering,V3,redpoint,4,Humboldt white V3 undercling to slopey jugs
2021-05-07,bouldering,V3,repeat,1,Humboldt white V3 undercling to slopey jugs
2021-05-07,bouldering,V3,repeat,2,Humboldt white V3 undercling to slopey jugs
2021-05-07,bouldering,V5,no,5,Humboldt purple V5 slab mantle
2021-05-07,bouldering,V4,no,1,Humboldt black V4 crimpy side pulls & gastons
2021-05-07,bouldering,V4,flash,1,Humboldt black V4 pocket to mega spine undercling
2021-05-07,bouldering,V4,repeat,3,Humboldt black V4 pocket to mega spine undercling
2021-05-12,bouldering,V1,yes,1,
2021-05-12,bouldering,V1,yes,1,
2021-05-12,bouldering,V1,yes,1,
2021-05-12,bouldering,V1,yes,1,
2021-05-12,bouldering,V2,yes,1,
2021-05-12,bouldering,V2,yes,1,
2021-05-12,bouldering,V3,yes,7,Avondale blue V3 anvil W vertical slot
2021-05-12,bouldering,V2,yes,1,
2021-05-12,bouldering,V3,onsight,1,
2021-05-12,bouldering,V3,repeat,1,Avondale blue V3 anvil W vertical slot
2021-05-12,bouldering,V3,onsight,1,
2021-05-12,bouldering,V3,repeat,1,Avondale blue V3 anvil W vertical slot
2021-05-12,bouldering,V3,onsight,1,Avondale black V3 beak S slopey pinch at top
2021-05-12,bouldering,V4,yes,5,Avondale purple V4 slopey back-flag
2021-05-13,bouldering,V1,,,
2021-05-13,bouldering,V1,,,
2021-05-13,bouldering,V2,,,
2021-05-13,bouldering,V2,,,
2021-05-13,bouldering,V3,repeat,,
2021-05-13,bouldering,V3,no,7,Avondale blue V3 anvil W vertical slot
2021-05-13,bouldering,V4,no,8,Avondale orange V4 anvil N roof
2021-05-13,bouldering,V4,onsight,1,Avondale white V4 anvil E roof arete
2021-05-18,bouldering,V1,,,
2021-05-18,bouldering,V1,,,
2021-05-18,bouldering,V1,,,
2021-05-18,bouldering,V1,,,
2021-05-18,bouldering,V2,,,
2021-05-18,bouldering,V2,,,
2021-05-18,bouldering,V2,,,
2021-05-18,bouldering,V3,repeat,1,Avondale blue V3 anvil W vertical slot
2021-05-18,bouldering,V4,no,7,Avondale green V4 top out
2021-05-18,bouldering,V4,redpoint,3,Avondale orange V4 anvil N roof
2021-05-18,bouldering,V4,no,7,Avondale green V4 top out
2021-05-18,bouldering,V5,yes,4,Avondale blue V5 beak arete pinches
2021-05-20,top rope,5.7,onsight,1,
2021-05-20,top rope,5.9,onsight,1,
2021-05-20,top rope,5.10b,onsight,1,Avondale black 5.10b overhang NW corner
2021-05-20,top rope,5.11a,onsight,1,Avondale blue 5.11a overhang pinches & side pulls
2021-05-20,top rope,5.10d,onsight,1,Avondale purple 5.10d SE pillar
2021-05-20,top rope,5.10d,no,1,Avondale black 5.10d back wall mini transition
2021-05-23,bouldering,V2,no,4,Are We There Yet?
2021-05-23,bouldering,V0,yes,4,Separation Anxiety
